"","ensembl","RF_alone","naivebayes_alone"
"1",0.502954859801333,0.478738738738739,0.441981981981982
