"","ensembl","RF_alone","naivebayes_alone"
"1",0.556276757353957,0.518627450980392,0.491764705882353
