"","ensembl","RF_alone","naivebayes_alone"
"1",0.530968766543145,0.50712143928036,0.465142428785607
