"","ensembl","RF_alone","naivebayes_alone"
"1",0.558457541364693,0.519248120300752,0.427744360902256
