"","Outcome","prediction"
"1",-1,1.55882358551025
"2",-1,1.55882358551025
"3",4,1.55882358551025
"4",0,1.55882358551025
"5",3,-0.763888835906982
"6",2,0.139999985694885
"7",2,1.55882358551025
"8",2,3.625
"9",0,3.625
"10",5,3.625
"11",-3,-0.763888835906982
"12",2,3.625
"13",1,0.139999985694885
"14",-1,-0.763888835906982
"15",1,-0.763888835906982
"16",-2,0.139999985694885
"17",1,0.139999985694885
