"","Outcome","prediction"
"1",1,-0.75
"2",-1,0.02173912525177
"3",1,1.39583325386047
"4",-2,1.39583325386047
"5",1,1.39583325386047
"6",0,-0.75
"7",0,-0.75
"8",2,0.02173912525177
"9",1,0.02173912525177
"10",1,3.95454549789429
"11",-2,-0.75
"12",-1,3.95454549789429
"13",-1,0.02173912525177
"14",0,-0.625
"15",0,-0.75
"16",-3,-0.75
"17",2,1.39583325386047
"18",2,1.36666667461395
"19",3,1.36666667461395
"20",0,0.02173912525177
"21",2,1.39583325386047
"22",-2,-0.75
"23",0,-0.75
