"","Outcome","prediction"
"1",-1,-2.61111116409302
"2",0,1.07352948188782
"3",5,1.14999997615814
"4",1,-0.409090936183929
"5",3,3.25
"6",-5,-0.446428596973419
"7",-1,1.07352948188782
"8",1,1.07352948188782
"9",2,1.07352948188782
"10",3,-0.446428596973419
"11",0,1.04166674613953
"12",1,1.07352948188782
"13",5,1.14999997615814
"14",-5,-2.61111116409302
"15",1,-1.29999995231628
"16",-1,-0.446428596973419
"17",-1,-0.446428596973419
"18",-2,1.14999997615814
"19",0,-0.446428596973419
