"","Outcome","prediction"
"1",0,-0.0625
"2",0,-0.0625
"3",-3,0.5
"4",4,0.5
"5",0,0.5
"6",3,-0.0625
"7",-2,-1.34615385532379
"8",1,0.5
"9",-5,-0.0625
"10",-1,2.28125
"11",0,2.28125
"12",0,-0.0625
"13",2,0.5
"14",1,0.5
"15",-2,-1.34615385532379
"16",3,0.5
"17",-1,0.5
"18",2,0.5
"19",0,0.5
"20",2,0.5
"21",1,3.8125
"22",0,-3.29999995231628
"23",3,0.5
"24",-2,-0.0625
"25",-1,-0.0625
"26",0,-0.0625
"27",1,-0.0625
"28",1,0.5
"29",0,2.28125
