"","Outcome","prediction"
"1",1,-3.90000009536743
"2",0,-1.28947365283966
"3",4,2.75
"4",4,1.4375
"5",1,-3.90000009536743
"6",0,-3.90000009536743
"7",-2,1.4375
"8",1,1.4375
"9",1,2.75
"10",1,2.75
"11",-1,-1.28947365283966
"12",0,-1.28947365283966
"13",0,-1.28947365283966
"14",-1,1.4375
"15",1,1.4375
"16",-1,-1.28947365283966
"17",0,-1.08333337306976
"18",1,-1.28947365283966
"19",1,-1.28947365283966
"20",4,2.75
"21",0,-1.28947365283966
"22",1,2.75
